(___),,
(___),O_O,surprise
(___),oâ€‘o,surprise
(___),O_o,surprise
(___),o_O,surprise
(___),o_o,surprise
(___)/,O-O,surprise
(*^_^*),(* ^ Ï‰ ^),joy
_,(o^â–½^o),joy
( _° __ _°),ãƒ½(ãƒ»âˆ€ãƒ»)ï¾‰,joy
(^u^),(oï½¥Ï‰ï½¥o),joy
_(^_^*),(^äºº^),joy
(___),( Â´ Ï‰ ` ),joy
(_•__•_)__,(Â´â€¢ Ï‰ â€¢`),joy
(-_-)zzz,â•°(â–”âˆ€â–”)â•¯,joy
(___),(âœ¯â—¡âœ¯),joy
(___),(âŒ’â€¿âŒ’),joy
_(___)_,(*Â°â–½Â°*),joy
(*___*)._.:*_,(Â´ï½¡â€¢ áµ• â€¢ï½¡`),joy
 (-_-),ãƒ½(>âˆ€<â˜†)ãƒ,joy
(___;),ï¼¼(ï¿£â–½ï¿£)ï¼,joy
_(^o^)_,(oË˜â—¡Ë˜o),joy
(°_°),(â•¯âœ§â–½âœ§)â•¯,joy
(__ _ _)_,( â€¾Ì â—¡ â€¾Ì ),joy
_,(à¹‘Ë˜ï¸¶Ë˜à¹‘),joy
 (°-°),(Â´ï½¥á´—ï½¥ ` ),joy
(*•__•_*)_ __,(Â´ âˆ€ ` *),joy
(___),(âŒ’â–½âŒ’)â˜†,joy
(___),(Â´ï½¡â€¢ Ï‰ â€¢ï½¡`),joy
(___),(ï¼ ï¼¾â—¡ï¼¾),joy
(^_^)v,(oÂ´â–½`o),joy
(_______),(((o(*Â°â–½Â°*)o))),joy
(_°_°)__ ___,(ï¼¾â–½ï¼¾),joy
(_•__•_)__,(â”€â€¿â€¿â”€),joy
(___),(â—•â€¿â—•),joy
(=_=),ï¼¼(â‰§â–½â‰¦)ï¼,joy
(ˆ _ ˆ),Ù©(ï½¡â€¢Ìâ€¿â€¢Ì€ï½¡)Û¶,joy
(_°__°_),( Â´ â–½ ` ),joy
(_*°_°*),o(â‰§â–½â‰¦)o,joy
 (*´__*),(*Â¯ï¸¶Â¯*),joy
_(_ __)(__ _)_,\(â˜…Ï‰â˜…)/,joy
___ ,o(>Ï‰<)o,joy
_______,(ï¾‰Â´ãƒ®`)ï¾‰*: ï½¥ï¾Ÿ,joy
"(,,___,,)",( Ë™ê’³â€‹Ë™ ),joy
( ___)_,(ï¾‰â—•ãƒ®â—•)ï¾‰*:ï½¥ï¾Ÿâœ§,joy
(-_-;),â˜†*:.ï½¡.o(â‰§â–½â‰¦)o.ï½¡.:*â˜†,joy
( ´•_×•_` ),ã€‚.:â˜†*:ï½¥'(*âŒ’â€•âŒ’*))),joy
_ ,ï½€;:ã‚›;ï½€;ï½¥(Â°ÎµÂ° ),joy
((d[-_-]b)),(o_ _)ï¾‰å½¡â˜†,joy
(_y__),ï½¡ï¾Ÿ( ï¾Ÿ^âˆ€^ï¾Ÿ)ï¾Ÿï½¡,joy
(^_-),(oÂ´âˆ€`o),joy
(X_X),âˆ‘d(Â°âˆ€Â°d),joy
( ___),ãƒ½(o^ ^o)ï¾‰,joy
(^_^),(â˜†â–½â˜†),joy
(__<)_,â˜† ï½('â–½^äºº),joy
 (*___),ãƒ½(*âŒ’â–½âŒ’*)ï¾‰,joy
(> _ <),â•°(*Â´ï¸¶`*)â•¯,joy
_(•__•_)_,(ã£Ë˜Ï‰Ë˜Ï‚ ),joy
(_ •__•_)_,Ù©(â—•â€¿â—•)Û¶,joy
_,(ã€ƒï¼¾â–½ï¼¾ã€ƒ),joy
_:.__.:_,ï½¡ï¾Ÿ(Tãƒ®T)ï¾Ÿï½¡,joy
_,(à¹‘Ëƒá´—Ë‚)ï»­,joy
(___*),Â°Ë–âœ§â—(â°â–¿â°)â—œâœ§Ë–Â°,joy
" *_,°*:._(___)/$:*.°_* _",Ù©(â—•â€¿â—•ï½¡)Û¶,joy
,<(ï¿£ï¸¶ï¿£)>,joy
,(ï¿£Ï‰ï¿£),joy
,ãƒ½(*ãƒ»Ï‰ãƒ»)ï¾‰,joy
,(*Â´â–½`*),joy
,(â‰§â—¡â‰¦),joy
,(âŒ’Ï‰âŒ’),joy
,(*^â€¿^*),joy
,(*â‰§Ï‰â‰¦*),joy
,ãƒ½(oï¼¾â–½ï¼¾o)ãƒ,joy
,(âœ§Ï‰âœ§),joy
,(ï¿£â–½ï¿£),joy
,(â˜†Ï‰â˜†),joy
,ï¼¼(ï¼¾â–½ï¼¾)ï¼,joy
,\(^ãƒ®^)/,joy
,o( â›á´—â› )o,joy
,(b áµ”â–½áµ”)b,joy
,(*ê’¦àº´ê’³ê’¦àºµ),joy
,(ï¾‰Â´ Ğ· `)ãƒ,love
,(â™¡-_-â™¡),love
,(â”€â€¿â€¿â”€)â™¡,love
,(Â´ Ï‰ `â™¡),love
,(áƒ¦Ë˜âŒ£Ë˜áƒ¦),love
,(Â´â€¢ Ï‰ â€¢`) â™¡,love
,â•°(*Â´ï¸¶`*)â•¯â™¡,love
,(â‰§â—¡â‰¦) â™¡,love
,â™¡ (Ë˜â–½Ë˜>Ô…( Ë˜âŒ£Ë˜),love
,Ïƒ(â‰§Îµâ‰¦Ïƒ) â™¡,love
,(Ë˜âˆ€Ë˜)/(Î¼â€¿Î¼) â¤,love
,Î£>â€•(ã€ƒÂ°Ï‰Â°ã€ƒ)â™¡â†’,love
,(*^^*)â™¡,love
,ãƒ½(â™¡â€¿â™¡)ãƒ,love
,(*â™¡âˆ€â™¡),love
,(â—•â€¿â—•)â™¡,love
,â™¡(ï½¡- Ï‰ -),love
,(Â´ï½¡â€¢ Ï‰ â€¢ï½¡`) â™¡,love
,(â™¡Ë™ï¸¶Ë™â™¡),love
,(*Â¯ Â³Â¯*)â™¡,love
,(/^-^(^ ^*)/ â™¡,love
,â™¡ (ï¿£Ğ—ï¿£),love
,(Â´â™¡â€¿â™¡`),love
,(â™¡Î¼_Î¼),love
,(ï¿£Îµï¿£ï¼ ),love
,(Â´ï½¡â€¢ áµ• â€¢ï½¡`) â™¡,love
,â™¡( â—¡â€¿â—¡ ),love
,(â™¡Â°â–½Â°â™¡),love
,(Â´ Îµ ` )â™¡,love
,(*Ë˜ï¸¶Ë˜*).ï½¡.:*â™¡,love
,(âŒ’â–½âŒ’)â™¡,love
,( Ë˜âŒ£Ë˜)â™¡(Ë˜âŒ£Ë˜ ),love
,â™¡ (â‡€ 3 â†¼),love
,â¤ (É”Ë†Ğ·(Ë†âŒ£Ë†c),love
,â˜†âŒ’ãƒ½(*'ï½¤^*)chu,love
,( Â´ âˆ€ `)ãƒï½ â™¡,love
,(ï½¡ãƒ»//Îµ//ãƒ»ï½¡),love
,(/â–½ï¼¼*)ï½¡oâ—‹â™¡,love
,â™¡ ï½('â–½^äºº),love
,( Â´ â–½ ` ).ï½¡ï½â™¡,love
,â™¡ï¼¼(ï¿£â–½ï¿£)ï¼â™¡,love
,(ã£Ë˜Ğ·(Ë˜âŒ£Ë˜ ) â™¡,love
,Ù©(â™¡Îµâ™¡)Û¶,love
,(â¤Ï‰â¤),love
,(Â°â—¡Â°â™¡),love
,(o^ ^o),Embarrassment
,(âŒ’_âŒ’;),Embarrassment
,(*/_ï¼¼),Embarrassment
,( â—¡â€¿â—¡ *),Embarrassment
,(//Ï‰//),Embarrassment
,(ï¿£â–½ï¿£*)ã‚,Embarrassment
,(â€à²¡Ï‰à²¡â€),Embarrassment
,(*/Ï‰ï¼¼),Embarrassment
,(*/ã€‚ï¼¼),Embarrassment
,(*ï¾‰Ï‰ï¾‰),Embarrassment
,(áµ”.áµ”),Embarrassment
,(ãƒ*Â°â–½Â°*),Embarrassment
,(â„ â„â€¢â„Ï‰â„â€¢â„ â„),Embarrassment
,(à¸‡ à¸·â–¿ à¸·)à¸§,Embarrassment
,(*Î¼_Î¼),Embarrassment
,(//â–½//),Embarrassment
,(*ï¾‰â–½ï¾‰),Embarrassment
,(â„ â„>â„ â–½ â„<â„ â„),Embarrassment
,(o-_-o),Embarrassment
,(*ï¾‰âˆ€`*),Embarrassment
,(*^.^*),Embarrassment
,(*/â–½ï¼¼*),Embarrassment
,(ãƒ_<ã€‚)ãƒ¾(Â´ â–½ ` ),sympathy
,ãƒ½(ï¿£Ï‰ï¿£(ã€‚ã€‚ )ã‚,sympathy
,(ï¾‰_ï¼›)ãƒ¾(Â´ âˆ€ ` ),sympathy
,(Â´-Ï‰-`( _ _ ),sympathy
,ï½¡ï½¥ï¾Ÿï½¥(ï¾‰Ğ”`)ãƒ½(ï¿£Ï‰ï¿£ ),sympathy
,(*Â´ I `)ï¾‰ï¾Ÿ(ï¾‰Ğ”ï½€ï¾Ÿ)ï¾Ÿï½¡,sympathy
,(; Ï‰ ; )ãƒ¾(Â´âˆ€`* ),sympathy
,(ã£Â´Ï‰`)ï¾‰(â•¥Ï‰â•¥),sympathy
,Ï(- Ï‰ -ã€)ãƒ¾(ï¿£Ï‰ï¿£; ),sympathy
,ãƒ½(~_~(ãƒ»_ãƒ» )ã‚,sympathy
,(*Â´ãƒ¼)ï¾‰(ãƒĞ´`),sympathy
,(ï½ãƒ»_ãƒ»)ãƒâ€(ãƒ_<ã€),sympathy
,(ï¼ƒï¼ï¼œ),dissatisfaction
,(ï¼›ï¿£Ğ”ï¿£),dissatisfaction
,(ï¿¢_ï¿¢;),dissatisfaction
,(ï¼¾ï¼¾ï¼ƒ),dissatisfaction
,(ï¿£ï¸¿ï¿£),dissatisfaction
,ãƒ¾( ï¿£Oï¿£)ãƒ„,dissatisfaction
,(á—’á—£á—•)Õ,dissatisfaction
,â˜†ï½(ï¼ï¼œï¼›)â—‹,dissatisfaction
,(ï¼ƒï¿£0ï¿£),dissatisfaction
,(ã€Â°ãƒ­Â°)ã€,dissatisfaction
,(ï¿£ãƒ˜ï¿£),dissatisfaction
,(--_--),dissatisfaction
,o(>< )o,dissatisfaction
,(ï¼›âŒ£Ì€_âŒ£Ì),dissatisfaction
,(ï¿£â–¡ï¿£ã€),dissatisfaction
,(ï¼ï½ï¼œ),dissatisfaction
,(ï¸¶ï¸¹ï¸º),dissatisfaction
,(ï¼ï¹ï¼œ),dissatisfaction
,(â‡€â€¸â†¼â€¶),dissatisfaction
,(ëˆˆ_ëˆˆ),dissatisfaction
,(ï¿£ ï¿£|||),dissatisfaction
,(ï¼ƒï¿£Ï‰ï¿£),dissatisfaction
,(ã€ƒï¼ï¼¿ï¼œ;ã€ƒ),dissatisfaction
,<(ï¿£ ï¹Œ ï¿£)>,dissatisfaction
,å‡¸(ï¿£ãƒ˜ï¿£),dissatisfaction
,(ã€ï¼ï¼œ)ã€,dissatisfaction
,(ï¼ƒ`Ğ”Â´),anger
,(ãƒ»`Ï‰Â´ãƒ»),anger
,( `ÎµÂ´ ),anger
,(ï¾’` ï¾› Â´),anger
,Î£(â–¼â–¡â–¼ãƒ¡),anger
,(Ò‚ `Ğ·Â´ ),anger
,Ù©(â•¬Ê˜ç›ŠÊ˜â•¬)Û¶,anger
,â†‘_(Î¦wÎ¦)Î¨,anger
,(ï¾‰à²¥ç›Šà²¥)ï¾‰,anger
,(`çš¿Â´ï¼ƒ),anger
,(`ãƒ¼Â´),anger
,Ïˆ( ` âˆ‡ Â´ )Ïˆ,anger
,(â•¬`ç›ŠÂ´),anger
,(Â°ã…‚Â°â•¬),anger
,(â€¡â–¼ç›Šâ–¼),anger
,(â•¬ Ã’ï¹Ã“),anger
,â†~(Î¨â–¼ï½°â–¼)âˆˆ,anger
,( ` Ï‰ Â´ ),anger
,ãƒ½(`âŒ’Â´ãƒ¡)ãƒ,anger
,ãƒ¾(`ãƒ˜Â´)ï¾‰ï¾,anger
,â”Œâˆ©â”(â—£_â—¢)â”Œâˆ©â”,anger
,Ïˆ(â–¼ã¸â–¼ãƒ¡)ï½â†’,anger
,(Ò‚` ï¾› Â´)å‡¸,anger
,ï¼¼ï¼¼Ù©(à¹‘`^Â´à¹‘)Û¶ï¼ï¼,anger
,à­§((#Î¦ç›ŠÎ¦#))à­¨,anger
,ãƒ½( `Ğ´Â´*)ãƒ,anger
,å‡¸(`â–³Â´ï¼ƒ),anger
,ãƒ½(â€µï¹Â´)ãƒ,anger
,å‡¸( ` ï¾› Â´ )å‡¸,anger
,(ãƒÂ°ç›ŠÂ°)ãƒ,anger
,((â•¬â—£ï¹â—¢)),anger
,(å‡¸à² ç›Šà² )å‡¸,anger
,Ù©(à° ç›Šà° )Û¶,anger
,(ãƒ_<ã€‚),sadness
,( â•¥Ï‰â•¥ ),sadness
,(ï¼Ëãƒ»ã€),sadness
,(ã¤Ï‰`ï½¡),sadness
,(T_T),sadness
,o(ã€’ï¹ã€’)o,sadness
,(Î¼_Î¼),sadness
,o(Tãƒ˜To),sadness
,( ï¾Ÿï¼Œ_ã‚ï½€),sadness
,(-_-),sadness
,(â•¯_â•°),sadness
,(ãƒ_<ã€),sadness
,(ï½¡T Ï‰ Tï½¡),sadness
,(>_<),sadness
,(ï½¡â€¢Ìï¸¿â€¢Ì€ï½¡),sadness
,(ï¾‰Ğ”`),sadness
,( ; Ï‰ ; ),sadness
,(ä¸ª_ä¸ª),sadness
,.ï½¥ï¾Ÿï¾Ÿï½¥(ï¼Ï‰ï¼¼)ï½¥ï¾Ÿï¾Ÿï½¥.,sadness
,.ï½¡ï½¥ï¾Ÿï¾Ÿï½¥(ï¼_ï¼œ)ï½¥ï¾Ÿï¾Ÿï½¥ï½¡.,sadness
,ï½¡ï¾Ÿ(ï½¡ï¾‰Ï‰ãƒ½ï½¡)ï¾Ÿï½¡,sadness
,ï½¥ï¾Ÿï½¥(ï½¡>Ï‰<ï½¡)ï½¥ï¾Ÿï½¥,sadness
,ï½¡ï¾Ÿï½¥ (>ï¹<) ï½¥ï¾Ÿï½¡,sadness
,,sadness
,ã€‚ã‚œã‚œ(Â´ï¼¯`) ã‚œã‚œã€‚,sadness
,ï½¡ï½¥ï¾Ÿï¾Ÿ*(>Ğ´<)*ï¾Ÿï¾Ÿï½¥ï½¡,sadness
,ï½¡ï½¥ï¾Ÿ(ï¾Ÿ><ï¾Ÿ)ï¾Ÿï½¥ï½¡,sadness
,(Â´-Ï‰-`),sadness
,(â•¥_â•¥),sadness
,(â•¥ï¹â•¥),sadness
,(ï¾‰Ï‰ï½¥ï½¤),sadness
,(ã£Ë˜Ì©â•­â•®Ë˜Ì©)ã£,sadness
,(à²¥ï¹à²¥),sadness
,(-Ï‰-ã€),sadness
,(ï½¡â•¯ï¸µâ•°ï½¡),sadness
,"(â•¯ï¸µâ•°,)",sadness
,~(>_<~),pain
,(Ã—_Ã—),pain
,(Ã—ï¹Ã—),pain
,â˜†âŒ’(> _ <),pain
,(x_x),pain
,â˜†(ï¼ƒÃ—Ã—),pain
,â˜†âŒ’(>ã€‚<),pain
,(Ã—_Ã—)âŒ’â˜†,pain
,(ï¼‹_ï¼‹),pain
,(â˜†_@),pain
,(x_x)âŒ’â˜†,pain
,[ Â± _ Â± ],pain
,(ãƒÏ‰ãƒ½),fear
,(â€³ãƒ­ã‚›),fear
,(/Ï‰ï¼¼),fear
,(((ï¼ï¼œ))),fear
,(ï¼ã€‚ï¼¼),fear
,(;;;*_*),fear
,(/_ï¼¼),fear
,{{ (>_<) }},fear
,..ãƒ»ãƒ¾(ã€‚ï¼ï¼œ)ã‚·,fear
,ï¼¼(ã€‡_ï½)ï¼,fear
,Î£(Â°â–³Â°|||)ï¸´,fear
,ã€£( ÂºÎ”Âº )ã€£,fear
,(ï¾‰_ãƒ½),fear
,(ãƒ»äººãƒ»),fear
,ã€œ(ï¼ï¼œ)ã€œ,fear
,ï¼¼(Âº â–¡ Âº l|l)/,fear
,â”(ï¿£ãƒ˜ï¿£)â”Œ,indifference
,â”(ï¿£ï½ï¿£)â”Œ,indifference
,â”( Â´ Ğ´ ` )â”Œ,indifference
,â•®(ï¸¶â–½ï¸¶)â•­,indifference
,ãƒ½(ãƒ¼_ãƒ¼ )ãƒ,indifference
,ãƒ½(ï¿£ï½ï¿£ã€€)ãƒ,indifference
,â”(ï¸¶â–½ï¸¶)â”Œ,indifference
,â•®(ï¸¶ï¸¿ï¸¶)â•­,indifference
,â•®( Ë˜ ï½¤ Ë˜ )â•­,indifference
,ãƒ½(Â´ãƒ¼` )â”Œ,indifference
,â•®(ï¿£_ï¿£)â•­,indifference
,â•®(ï¿£ï½ï¿£)â•­,indifference
,â”(ï¿£âˆ€ï¿£)â”Œ,indifference
,â”( Ë˜_Ë˜ )â”Œ,indifference
,â”(â€˜ï½` )â”Œ,indifference
,ãƒ½(Ë‡ãƒ˜Ë‡)ãƒ,indifference
,Â¯\_(ãƒ„)_/Â¯,indifference
,â”( Ë˜ ï½¤ Ë˜ )â”Œ,indifference
,â•®( Ë˜_Ë˜ )â•­,indifference
,ãƒ½(ã€€ï¿£Ğ´ï¿£)ãƒ,indifference
,(ï¿£Ï‰ï¿£;),confusion
,â”('ï½`;)â”Œ,confusion
,(ãƒ»_ãƒ»;),confusion
,(ï¼ _ï¼ ),confusion
,(â€¢à¸´_â€¢à¸´)?,confusion
,"áƒš(Â¯ãƒ­Â¯""áƒš)",confusion
,Ïƒ(ï¿£ã€ï¿£ã€ƒ),confusion
,(ãƒ»_ãƒ»ãƒ¾,confusion
,(ï¿£_ï¿£)ãƒ»ãƒ»ãƒ»,confusion
,(ãƒ»ãƒ»;)ã‚,confusion
,(â— â—)ã‚,confusion
,(-_-;)ãƒ»ãƒ»ãƒ»,confusion
,â”(ï¿£ãƒ˜ï¿£;)â”Œ,confusion
,(ï¿£.ï¿£;),confusion
,(ãƒ»ãƒ» ) ?,confusion
,áƒš(à² _à²  áƒš),confusion
,(ï¿£ï½ï¿£;),confusion
,(ã€ƒï¿£Ï‰ï¿£ã€ƒã‚,confusion
,â•®(ï¿£Ï‰ï¿£;)â•­,confusion
,Î£(ï¿£ã€‚ï¿£ï¾‰),confusion
,(ãƒ¼ãƒ¼;),confusion
,(ï¿¢_ï¿¢),doubt
,(Â¬_Â¬ ),doubt
,(â†¼_â†¼),doubt
,(â†’_â†’),doubt
,(â†_â†),doubt
,(â‡€_â‡€),doubt
,(ï¿¢ ï¿¢),doubt
,(Â¬ Â¬ ),doubt
,(ï¿¢â€¿ï¿¢ ),doubt
,(Â¬â€¿Â¬ ),doubt
,w(Â°ï½Â°)w,surprise
,(âŠ™_âŠ™),surprise
,(Â°ãƒ­Â°) !,surprise
,âˆ‘(O_O;),surprise
,ãƒ½(Â°ã€‡Â°)ï¾‰,surprise
,(o_O),surprise
,(o_O) !,surprise
,Î£(Â°ãƒ­Â°),surprise
,(O.O),surprise
,Î£(â–¡_â–¡),surprise
,Î£(O_O),surprise
,(O_O;),surprise
,(â–¡_â–¡),surprise
,(*ãƒ»Ï‰ãƒ»)ï¾‰,greeting
,(^-^*)/,greeting
,ãƒ¾(*'â–½'*),greeting
,(^ï¼^)ãƒ,greeting
,(*Â°ï½°Â°)ï¾‰,greeting
,(ï¿£Ï‰ï¿£)/,greeting
,(â‰§â–½â‰¦)/,greeting
,(ï¿£â–½ï¿£)ãƒ,greeting
,(ï¼ Â´ãƒ¼`)ï¾‰ï¾,greeting
,ï¼¼(âŒ’â–½âŒ’),greeting
,~ãƒ¾(ãƒ»Ï‰ãƒ»),greeting
,(ãƒ»_ãƒ»)ãƒ,greeting
,( Â´ Ï‰ ` )ãƒï¾,greeting
,(âœ§âˆ€âœ§)/,greeting
,(Â°â–½Â°)/,greeting
,(Â´â€¢ Ï‰ â€¢`)ï¾‰,greeting
,ãƒ¾(â˜†â–½â˜†),greeting
,(ãƒ»âˆ€ãƒ»)ãƒ,greeting
,(oÂ´Ï‰`o)ï¾‰,greeting
,(âŒ’Ï‰âŒ’)ï¾‰,greeting
,(oÂ´â–½`o)ï¾‰,greeting
,( Â´ âˆ€ ` )ï¾‰,greeting
,( Â° âˆ€ Â° )ï¾‰ï¾,greeting
,( Â´ â–½ ` )ï¾‰,greeting
,ãƒ¾(^Ï‰^*),greeting
,ãƒ¾(â˜†'âˆ€'â˜†),greeting
,(o^ ^o)/,greeting
,(ï¿£â–½ï¿£)/,greeting
,(ã¥ï¿£ Â³ï¿£)ã¥,hugging
,(âŠƒï½¡â€¢Ìâ€¿â€¢Ì€ï½¡)âŠƒ,hugging
,âŠ‚(Â´â€¢ Ï‰ â€¢`âŠ‚),hugging
,(ã¤â‰§â–½â‰¦)ã¤,hugging
,(ã¤ . â€¢Ì _Ê– â€¢Ì€ .)ã¤,hugging
,âŠ‚(ï½¥Ï‰ï½¥*âŠ‚),hugging
,(ã¤âœ§Ï‰âœ§)ã¤,hugging
,(ã£à² â€¿à² )ã£,hugging
,âŠ‚(ï¿£â–½ï¿£)âŠƒ,hugging
,(ã¥ â—•â€¿â—• )ã¥,hugging
,(ã¥â—¡ï¹â—¡)ã¥,hugging
,âŠ‚( Â´ â–½ ` )âŠƒ,hugging
,(^_~),winking
,(>Ï‰^),winking
,(^_<)ã€œâ˜†,winking
,(^_<),winking
,( ï¾Ÿï½âŒ’),winking
,(~äºº^),winking
,(^äºº<)ã€œâ˜†,winking
,(^_âˆ’)â˜†,winking
,(^_-)â‰¡â˜†,winking
,(^_-),winking
,â˜†âŒ’(â‰§â–½â€‹Â° ),winking
,(ï½¥Ï‰<)â˜†,winking
,(^Ï‰~),winking
,( -_ãƒ»),winking
,â˜†âŒ’(ã‚ã€‚âˆ‚),winking
,m(_ _)m,Apologizing
,äºº(_ _*),Apologizing
,(ã‚·. .)ã‚·,Apologizing
,(ã‚·_ _)ã‚·,Apologizing
,(*_ _)äºº,Apologizing
,m(. .)m,Apologizing
,m(_ _;m),Apologizing
,<(_ _)>,Apologizing
,(m;_ _)m,Apologizing
,ãƒ¾(Â´ã€‡`)ï¾‰â™ªâ™ªâ™ª,dance
,ãƒ½(oÂ´âˆ€`)ï¾‰â™ªâ™¬,dance
,â™ªâ™¬((dâŒ’Ï‰âŒ’b))â™¬â™ª,dance
,â””(ï¼¾ï¼¾)â”,dance
,(ï¿£â–½ï¿£)/â™«â€¢*Â¨*â€¢.Â¸Â¸â™ª,dance
,ãƒ¾(âŒâ– _â– )ãƒâ™ª,dance
,ä¹( â€¢ Ï‰ â€¢ä¹),dance
,â™¬â™«â™ªâ—–(â— o â—)â——â™ªâ™«â™¬,dance
,ãƒ˜(ï¿£Ï‰ï¿£ãƒ˜),dance
,(ï¾‰â‰§âˆ€â‰¦)ï¾‰,dance
,â””(ï¿£-ï¿£â””)),dance
,â”Œ(ï¼¾ï¼¾)â”˜,dance
,(^_^â™ª),dance
,(ã€œï¿£â–³ï¿£)ã€œ,dance
,(ï½¢â€¢ Ï‰ â€¢)ï½¢,dance
,( Ë˜ ÉœË˜) â™¬â™ªâ™«,dance
,(ã€œï¿£â–½ï¿£)ã€œ,dance
,â™ªãƒ½(^^ãƒ½)â™ª,dance
,((â”˜ï¿£Ï‰ï¿£)â”˜,dance
,ï¼¼(ï¿£â–½ï¿£)ï¼¼,dance
,(~Ë˜â–½Ë˜)~,dance
,(~â€¾â–½â€¾)~,dance
,â½â½â—( â€¢ Ï‰ â€¢ )â—œâ¾â¾,dance
,â™ªâ™ªâ™ª ãƒ½(Ë‡âˆ€Ë‡ )ã‚,dance
,ã€œ(ï¿£â–½ï¿£ã€œ),dance
,â™ª(/_ _ )/â™ª,dance
,âˆš(ï¿£â€¥ï¿£âˆš),dance
,ï¼(ï¿£â–½ï¿£)ï¼,dance
,~(Ë˜â–½Ë˜~),dance
,~(Ë˜â–½Ë˜)~,dance
,âœºâ—Ÿ( â€¢ Ï‰ â€¢ )â—âœº,dance
,(ãƒ Ë˜_Ë˜)ãƒã€€Î¶|||Î¶ã€€Î¶|||Î¶ã€€Î¶|||Î¶,magic
,(ãƒÂ°âˆ€Â°)ãƒâŒ’ï½¥*:.ï½¡. .ï½¡.:*ï½¥ã‚œï¾Ÿï½¥*â˜†,magic
,(âŠƒï½¡â€¢Ìâ€¿â€¢Ì€ï½¡)âŠƒâ”âœ¿âœ¿âœ¿âœ¿âœ¿âœ¿,magic
,(ï¾‰â‰§âˆ€â‰¦)ï¾‰ â€¥â€¦â”â”â”â˜…,magic
,â•°( Í¡Â° ÍœÊ– Í¡Â° )ã¤â”€â”€â˜†*:ãƒ»ï¾Ÿ,magic
,(âˆ©á„‘_á„‘)âŠƒâ”â˜†ï¾Ÿ*ï½¥ï½¡*ï½¥:â‰¡( Îµ:),magic
,"(ï¾‰>Ï‰<)ï¾‰ :ï½¡ï½¥:*:ï½¥ï¾Ÿâ€™â˜…,ï½¡ï½¥:*:ï½¥ï¾Ÿâ€™â˜†",magic
,(ï¼ƒï¿£â–¡ï¿£)oâ”âˆˆãƒ»ãƒ»â”â”â”â”,magic
,(/ï¿£ãƒ¼ï¿£)/~~â˜†â€™.ï½¥.ï½¥:â˜…â€™.ï½¥.ï½¥:â˜†,magic
,ãƒ½( ï½¥âˆ€ï½¥)ï¾‰_Î¸å½¡â˜†Î£(ãƒ `Ğ”Â´)ãƒ,fight
,(*`0Â´)Î¸â˜†(ãƒ¡Â°çš¿Â°)ï¾‰,fight
,(; -_-)â€•â€•â€•â€•â€•â€•C<â€•_-),fight
,ãƒ½(>_<ãƒ½) â€•âŠ‚|=0ãƒ˜(^â€¿^ ),fight
,(Ò‚` ï¾› Â´)ï¸»ãƒ‡â•ä¸€ ï¼¼(Âº â–¡ Âº l|l)/,fight
,/( .â–¡.)ï¼¼ ï¸µâ•°(Â°ç›ŠÂ°)â•¯ï¸µ /(.â–¡. /),fight
,(`âŒ’*)O-(`âŒ’Â´Q),fight
,(ã£â€¢ï¹â€¢)ã£ âœ´==â‰¡ëˆˆÙ©(`çš¿Â´Ò‚)à¸‡,fight
,(*Â´âˆ‡`)â”ŒÎ¸â˜†(ï¾‰>_<)ï¾‰,fight
,(oÂ¬â€¿Â¬o )...â˜†ï¾(*x_x),fight
,ï¼œ( ï¿£ï¸¿ï¿£)ï¸µÎ¸ï¸µÎ¸ï¸µâ˜†(ï¼å£ï¼œï¼),fight
,ãƒ˜(>_<ãƒ˜) ï¿¢o(ï¿£â€¿ï¿£ï¾’),fight
,(â•¯Â°Ğ”Â°)â•¯ï¸µ /(.â–¡ . ï¼¼),fight
,(ï¾‰-.-)ï¾‰â€¦.((((((((((((â—~* ( >_<),fight
,(((à¸‡â€™Ï‰â€™)Ùˆä¸‰ à¸‡â€™Ï‰â€™)Ú¡â‰¡ã€€â˜†âŒ’ï¾((x_x),fight
,( ï¿£Ï‰ï¿£)ãƒï¾âŒ’â˜†ï¾(o _ _)o,fight
,(â•¬ï¿£çš¿ï¿£)=â—‹ï¼ƒ(ï¿£#)ï¼“ï¿£),fight
,(ï¿£Îµ(#ï¿£)â˜†â•°â•®o(ï¿£â–½ï¿£///),fight
,",,((( ï¿£â–¡)_ï¼ ï¼¼_(â—‹ï¿£ ))),,",fight
,(Â¬_Â¬'')Ô…(ï¿£Îµï¿£Ô…),fight
,!!(ï¾’ï¿£ ï¿£)_Î¸â˜†Â°0Â°)/,fight
,(à¸‡à² _à² )à¸‡ã€€Ïƒ( â€¢Ì€ Ï‰ â€¢Ì Ïƒ),fight
,ãƒ¾(ãƒ»Ï‰ãƒ»)ãƒ¡(ãƒ»Ï‰ãƒ»)ãƒ,friends
,(*^Ï‰^)å…«(âŒ’â–½âŒ’)å…«(-â€¿â€¿- )ãƒ½,friends
,ãƒ½( âŒ’Ï‰âŒ’)äºº(=^â€¥^= )ï¾‰,friends
,ï½¡*:â˜†(ãƒ»Ï‰ãƒ»äººãƒ»Ï‰ãƒ»)ï½¡:ã‚œâ˜†ï½¡,friends
,(Â°(Â°Ï‰(Â°Ï‰Â°(â˜†Ï‰â˜†)Â°Ï‰Â°)Ï‰Â°)Â°),friends
,(ã£Ë˜â–½Ë˜)(Ë˜â–½Ë˜)Ë˜â–½Ë˜Ï‚),friends
,(*ï¼¾Ï‰ï¼¾)äºº(ï¼¾Ï‰ï¼¾*),friends
,ãƒ½(âˆ€Â° )äºº( Â°âˆ€)ãƒ,friends
,ï¼¼(ï¼¾âˆ€ï¼¾)ãƒ¡(ï¼¾âˆ€ï¼¾)ãƒ,friends
,ãƒ½(â‰§â—¡â‰¦)å…«(o^ ^o)ãƒ,friends
,o(^^o)(o^^o)(o^^o)(o^^)o,friends
,ãƒ¾(ãƒ»Ï‰ãƒ»`)ãƒãƒ¾(Â´ãƒ»Ï‰ãƒ»)ãƒã‚›,friends
,(((*Â°â–½Â°*)å…«(*Â°â–½Â°*))),friends
,Ù©(à¹‘ï½¥à¸´á´—ï½¥à¸´)Û¶Ù©(ï½¥à¸´á´—ï½¥à¸´à¹‘)Û¶,friends
,ãƒ½( âŒ’oâŒ’)äºº(âŒ’-âŒ’ )ï¾‰,friends
,ãƒ¾(ï¿£ãƒ¼ï¿£(â‰§Ï‰â‰¦*)ã‚,friends
,(*ãƒ»âˆ€ãƒ»)çˆ»(ãƒ»âˆ€ãƒ»*),friends
,(((ï¿£(ï¿£(ï¿£â–½ï¿£)ï¿£)ï¿£))),friends
,Î¨( `âˆ€)(âˆ€Â´ )Î¨,friends
,â˜†ãƒ¾(*Â´ãƒ»âˆ€ãƒ»)ï¾‰ãƒ¾(ãƒ»âˆ€ãƒ»`*)ï¾‰â˜†,friends
,(â˜Â°ãƒ®Â°)â˜ â˜œ(Â°ãƒ®Â°â˜œ),friends
,ï¼¼(â–½ï¿£ \ (ï¿£â–½ï¿£) / ï¿£â–½)ï¼,friends
,(Â°)#))<<,fish
,(Â°))<<,fish
,<ãƒ» )))><<,fish
,>^)))<ï½ï½,fish
,Î¶Â°)))å½¡,fish
,â‰§( Â° Â° )â‰¦,fish
,>Â°))))å½¡,fish
,(ï¿£Î˜ï¿£),bird
,ï¼¼( Ë‹ Î˜ Â´ )ï¼,bird
,(`ï½¥Î˜ï½¥Â´),bird
,(ï½¥Î¸ï½¥),bird
,(â—‰Î˜â—‰),bird
,ãƒ¾(ï¿£â—‡ï¿£)ãƒã€ƒ,bird
,( Ë‹ Î˜ Â´ ),bird
,(ãƒ»Î˜ãƒ»),bird
,( Â´(00)Ë‹ ),pig
,ï¼¼(ï¿£(oo)ï¿£)ï¼,pig
,(ï¿£(Ï‰)ï¿£),pig
,ï½¡ï¾Ÿ(ï¾ŸÂ´(00)`ï¾Ÿ)ï¾Ÿï½¡,pig
,ãƒ½( Ë‹(00)Â´ )ãƒ,pig
,(ï¿£(00)ï¿£),pig
,( Â´(oo)Ë‹ ),pig
,(Ë†(oo)Ë†),pig
,ï¼(â‰§ x â‰¦)ï¼¼,rabbit
,ï¼(=ï½¥ x ï½¥=)ï¼¼,rabbit
,ï¼(ï½¥ Ã— ï½¥)ï¼¼,rabbit
,ï¼(^ Ã— ^)ï¼¼,rabbit
,ï¼(^ x ^)ï¼¼,rabbit
,ï¼(Ëƒá†ºË‚)ï¼¼,rabbit
,ï¼(=Â´x`=)ï¼¼,rabbit
,ï¼(ï¼Ã—ï¼œ)ï¼¼,rabbit
,âˆªï¼¾ã‚§ï¼¾âˆª,dog
,ï¼µ^çš¿^ï¼µ,dog
,âˆªï½¥Ï‰ï½¥âˆª,dog
,ï¼µï¼´ï½ªï¼´ï¼µ,dog
,âˆªï¿£-ï¿£âˆª,dog
,U^ï½ª^U,dog
,âˆªï½¥ï½ªï½¥âˆª,dog
,Vâ—á´¥â—V,dog
,( Â´(ï½´)Ë‹ ),bear
,(ï¿£(ï½´)ï¿£),bear
,âŠ‚(Â´(ã‚§)Ë‹)âŠƒ,bear
,Ê• â€¢á´¥â€¢ Ê”,bear
,(*ï¿£(ï½´)ï¿£*),bear
,ãƒ½( Ë‹(ï½´)Â´ )ï¾‰,bear
,(/-(ï½´)-ï¼¼),bear
,Ê• â€¢Ì€ Ï‰ â€¢Ì Ê”,bear
,(ï¼ï¿£(ï½´)ï¿£)ï¼,bear
,(ï¼(ï½´)ï¼¼),bear
,Ê• áµ”á´¥áµ” Ê”,bear
,ãƒ½(ï¿£(ï½´)ï¿£)ï¾‰,bear
,âŠ‚(ï¿£(ï½´)ï¿£)âŠƒ,bear
,(/Â°(ï½´)Â°)/,bear
,Ê• â€¢Ì€ o â€¢Ì Ê”,bear
,(=^ï½¥Ï‰ï½¥^=),cat
,(= ; ï½ª ; =),cat
,(=âŒ’â€¿â€¿âŒ’=),cat
,(ï¼¾â€¢ Ï‰ â€¢ï¼¾),cat
,(=^ï½¥ï½ªï½¥^=),cat
,(=`Ï‰Â´=),cat
,(=^ â—¡ ^=),cat
,(/ =Ï‰=)/,cat
,(=â‘ Ï‰â‘ =),cat
,(=^â€¥^=),cat
,(=^-Ï‰-^=),cat
,à¸…(â€¢ã……â€¢â€)à¸…,cat
,( =Ï‰=)..nyaa,cat
,( =ãƒÏ‰ãƒ½=),cat
,ãƒ¾(=`Ï‰Â´=)ãƒâ€,cat
,à¸…(â€¢ Éª â€¢)à¸…,cat
,à¬²(â“› Ï‰ â“›)à¬²,cat
,(^â—”á´¥â—”^),cat
,(^=â—•á´¥â—•=^),cat
,(^â—•á´¥â—•^),cat
,( =Ï‰= ),cat
,(^Ëµâ—•Ï‰â—•Ëµ^),cat
,[(ï¼ï¼)]..zzZ,sleep
,(ï¿£oï¿£) zzZZzzZZ,sleep
,(ï¼¿ ï¼¿*) Z z z,sleep
,(ï¼_ï¼) zzZ,sleep
,(( _ _ ))..zzzZZ,sleep
,(x . x) ~~zzZ,sleep
,(ï¼Ï‰ï¼) zzZ,sleep
,(ï¼.ï¼)...zzz,sleep
,(âˆªï½¡âˆª)ï½¡ï½¡ï½¡zzZ,sleep
,(ï¿£Ïï¿£)..zzZZ,sleep
,Îµ=Îµ=Îµ=Îµ=â”Œ(;ï¿£â–½ï¿£)â”˜,running
,Îµ===(ã£â‰§Ï‰â‰¦)ã£,running
,â˜†ï¾(o*ï½¥Ï‰ï½¥)ï¾‰,running
,Îµ=Îµ=â”Œ( >_<)â”˜,running
,ãƒ½(ï¿£Ğ´ï¿£;)ãƒ=3=3=3,running
,C= C= C= C= C=â”Œ(;ãƒ»Ï‰ãƒ»)â”˜,running
,C= C= C= C=â”Œ( `ãƒ¼Â´)â”˜,running
,ã€‚ã€‚ã€‚ãƒŸãƒ½(ã€‚ï¼ï¼œ)ãƒ,running
,â”€=â‰¡Î£((( ã¤ï¼ï¼œ)ã¤,running
,__Ï†(ï¼ï¼),writing
,ãƒ¾( `ãƒ¼Â´)ã‚·Ï†__,writing
,( ^â–½^)Ïˆ__,writing
,( ï¿£ãƒ¼ï¿£)Ï†__,writing
,__ã€†(ï¿£ãƒ¼ï¿£ ),writing
,....Ï†(ï¸¶â–½ï¸¶)Ï†....,writing
,__Ï†(ï¼ï¼;),writing
,___ã€†(ãƒ»âˆ€ãƒ»),writing
,__Ï†(â—â—ãƒ˜),writing
,__Ï†(ã€‚ã€‚),writing
,....Ï†(ãƒ»âˆ€ãƒ»*),writing
,( . .)Ï†__,writing
,|ï½¥Ï‰ï½¥),hiding
,|Ğ´ï½¥),hiding
,â”¬â”´â”¬â”´â”¤ï½¥Ï‰ï½¥)ï¾‰,hiding
,|ï½¥Ğ´ï½¥)ï¾‰,hiding
,ï¾(ï½¥_|,hiding
,|_ï¿£)),hiding
,â”¬â”´â”¬â”´â”¤( Í¡Â° ÍœÊ–â”œâ”¬â”´â”¬â”´,hiding
,|Ê˜â€¿Ê˜)â•¯,hiding
,|Ï‰ï½¥)ï¾‰,hiding
,|â–½//),hiding
,â”¬â”´â”¬â”´â”¤(ï½¥_â”œâ”¬â”´â”¬â”´,hiding
,ãƒ¾(ï½¥|,hiding
,â”¬â”´â”¬â”´â”¤(ï½¥_â”œâ”¬â”´â”¬â”´,hiding
,|_ãƒ»),hiding
,(*ï¿£iiï¿£),Nosebleeding
,(ï¼¾ã€ƒï¼¾),Nosebleeding
,(ï¿£ï¾Šï¿£*),Nosebleeding
,(ï¿£ Â¨ãƒ½ï¿£),Nosebleeding
,\(ï¿£ï¾Šï¿£),Nosebleeding
,(ï¿£ ;ï¿£),Nosebleeding
,(ï¼¾à¼‹à¼ï¼¾),Nosebleeding
,(ï¿£ ;;ï¿£),Nosebleeding
,(à¹‘â€¢Ì€Ğ´â€¢Ìà¹‘),angry
,(Ê˜è¨€Ê˜â•¬),angry
,(Â°è¨€Â°æ€’),angry
,Ñ‰(`Ğ”Â´Ñ‰),angry
,(à¹‘â€¢Ì€ã…â€¢Ìà¹‘)âœ§,angry
,ï¼¼`â€¢Ì€ç›Šâ€¢ÌÂ´ï¼,angry
,ãƒ½(`Ğ´Â´ï¼›)/,angry
,(ï½€Ğ”Â´),angry
,ãƒ½(*ï½€ï¾ŸĞ”Â´)ï¾‰,angry
,(ï¼ƒï½€Ğ´Â´)ï¾‰,angry
,(â€¢Ë‹ _ ËŠâ€¢),angry
,ãƒ¾(ï½€ÎµÂ´)ï¾‰,angry
,WHATÑ‰(ï¾ŸĞ”ï¾ŸÑ‰),angry
,(ã€€ï½€_ã‚Â´),angry
,(#ï½€ÎµÂ´),angry
,(*â‰§mâ‰¦*),angry
,å‡¸(â‰¡Ğ´â‰¡),angry
,ï¼ˆï¿£^ï¿£ï¼‰å‡¸,angry
,å‡¸(ï¾ŸĞ”ï¾Ÿ#),angry
,â”—â”€y(ï½·Â´ã‚œçš¿`),angry
,(@>çš¿<),angry